{
  "generatedBy": "Microsoft.NET.Sdk.Functions-3.0.11",
  "configurationSource": "attributes",
  "bindings": [
    {
      "type": "serviceBusTrigger",
      "connection": "CPServiceBusConnectionString",
      "queueName": "webhooksnotificationqueue",
      "isSessionsEnabled": false,
      "name": "notificationMessage"
    }
  ],
  "disabled": false,
  "scriptFile": "../bin/Shell.SPOCPI.ChangeProcessor.FunctionApp.dll",
  "entryPoint": "Shell.SPOCPI.ChangeProcessor.FunctionApp.ChangeProcessor.Run"
}