{"$schema":"http://schema.management.azure.com/schemas/2015-01-01/deploymentTemplate.json#","contentVersion":"1.0.0.0","parameters":{"factoryName":{"type":"string","metadata":"Data Factory name"},"AzureShell_Logging":{"type":"string"},"MigrateFunction":{"type":"string"},"MAHS_SPOCPI_DocTrack":{"type":"string"},"AzureShell_SPOCPI_DocTrack":{"type":"string"},"MAHS_DocPipe_DataStorage":{"type":"string"},"AzureShell_DocPipe_DataStorage":{"type":"string"},"MAHS_DocPipe_BlobStorage_Gen2":{"type":"string"},"AzureShell_DocPipe_BlobStorage_Gen2":{"type":"string"}},"variables":{"factoryId":"[concat('Microsoft.DataFactory/factories/', parameters('factoryName'))]"},"resources":[{"name":"[concat(parameters('factoryName'), '/Migration Pipeline')]","type":"Microsoft.DataFactory/factories/pipelines","apiVersion":"2018-06-01","properties":{"description":"Pipeline to migrate data from MAHS to Azure@Shell.","activities":[{"name":"SPOCPI - Drive Delta","description":"Migrate SPOCPI Drive Delta token from MAHS to Azure@Shell.","type":"Copy","dependsOn":[],"policy":{"timeout":"7.00:00:00","retry":0,"retryIntervalInSeconds":30,"secureOutput":false,"secureInput":false},"userProperties":[],"typeProperties":{"source":{"type":"AzureTableSource","azureTableSourceQuery":{"value":"@concat('RowKey eq ''', pipeline().parameters.SubscriptionRowKey, '''')","type":"Expression"},"azureTableSourceIgnoreTableNotFound":false},"sink":{"type":"AzureTableSink","azureTableInsertType":"merge","azureTablePartitionKeyName":"PartitionKey","azureTableRowKeyName":"RowKey","writeBatchSize":10000},"enableStaging":false,"logSettings":{"enableCopyActivityLog":true,"copyActivityLogSettings":{"logLevel":"Warning","enableReliableLogging":false},"logLocationSettings":{"linkedServiceName":{"referenceName":"[parameters('AzureShell_Logging')]","type":"LinkedServiceReference"},"path":"migration"}},"translator":{"type":"TabularTranslator","mappings":[{"source":{"name":"PartitionKey","type":"String"},"sink":{"name":"PartitionKey","type":"String"}},{"source":{"name":"RowKey","type":"String"},"sink":{"name":"RowKey","type":"String"}},{"source":{"name":"Timestamp","type":"DateTimeOffset"},"sink":{"name":"Timestamp","type":"DateTimeOffset"}},{"source":{"name":"DeltaUrl","type":"String"},"sink":{"name":"DeltaUrl","type":"String"}},{"source":{"name":"InProgress","type":"Boolean"},"sink":{"name":"InProgress","type":"Boolean"}},{"source":{"name":"ReceivedTime","type":"DateTimeOffset"},"sink":{"name":"ReceivedTime","type":"DateTimeOffset"}},{"source":{"name":"Token","type":"String"},"sink":{"name":"Token","type":"String"}}],"typeConversion":true,"typeConversionSettings":{"allowDataTruncation":true,"treatBooleanAsNumber":false}}},"inputs":[{"referenceName":"MAHS_SPOCPI_DriveDelta","type":"DatasetReference","parameters":{}}],"outputs":[{"referenceName":"AzureShell_SPOCPI_DriveDelta","type":"DatasetReference","parameters":{}}]},{"name":"SPOCPI - Document Tracking","description":"Migrate SPOCPI Document Tracking data from MAHS to Azure@Shell.","type":"Copy","dependsOn":[{"activity":"SPOCPI - Drive Delta","dependencyConditions":["Succeeded"]}],"policy":{"timeout":"7.00:00:00","retry":0,"retryIntervalInSeconds":30,"secureOutput":false,"secureInput":false},"userProperties":[],"typeProperties":{"source":{"type":"AzureTableSource","azureTableSourceQuery":{"value":"@concat('PartitionKey eq ''', pipeline().parameters.Base64DriveId, '''')","type":"Expression"},"azureTableSourceIgnoreTableNotFound":false},"sink":{"type":"AzureTableSink","azureTableInsertType":"merge","azureTablePartitionKeyName":"PartitionKey","azureTableRowKeyName":"RowKey","writeBatchSize":10000},"enableStaging":false,"parallelCopies":5,"logSettings":{"enableCopyActivityLog":true,"copyActivityLogSettings":{"logLevel":"Warning","enableReliableLogging":false},"logLocationSettings":{"linkedServiceName":{"referenceName":"[parameters('AzureShell_Logging')]","type":"LinkedServiceReference"},"path":"migration"}},"translator":{"type":"TabularTranslator","mappings":[{"source":{"name":"PartitionKey","type":"String"},"sink":{"name":"PartitionKey","type":"String"}},{"source":{"name":"RowKey","type":"String"},"sink":{"name":"RowKey","type":"String"}},{"source":{"name":"Timestamp","type":"DateTimeOffset"},"sink":{"name":"Timestamp","type":"DateTimeOffset"}},{"source":{"name":"CreatedDateTime","type":"DateTimeOffset"},"sink":{"name":"CreatedDateTime","type":"DateTimeOffset"}},{"source":{"name":"DocumentCTag","type":"String"},"sink":{"name":"DocumentCTag","type":"String"}},{"source":{"name":"DocumentCTagChange","type":"Boolean"},"sink":{"name":"DocumentCTagChange","type":"Boolean"}},{"source":{"name":"DocumentETag","type":"String"},"sink":{"name":"DocumentETag","type":"String"}},{"source":{"name":"DocumentETagChange","type":"Boolean"},"sink":{"name":"DocumentETagChange","type":"Boolean"}},{"source":{"name":"DriveId","type":"String"},"sink":{"name":"DriveId","type":"String"}},{"source":{"name":"Extension","type":"String"},"sink":{"name":"Extension","type":"String"}},{"source":{"name":"FileSize","type":"Int64"},"sink":{"name":"FileSize","type":"Int64"}},{"source":{"name":"IsDeleted","type":"Boolean"},"sink":{"name":"IsDeleted","type":"Boolean"}},{"source":{"name":"IsFolder","type":"Boolean"},"sink":{"name":"IsFolder","type":"Boolean"}},{"source":{"name":"ListId","type":"String"},"sink":{"name":"ListId","type":"String"}},{"source":{"name":"ListItemId","type":"String"},"sink":{"name":"ListItemId","type":"String"}},{"source":{"name":"ListItemUniqueId","type":"String"},"sink":{"name":"ListItemUniqueId","type":"String"}},{"source":{"name":"ModifiedDateTime","type":"DateTimeOffset"},"sink":{"name":"ModifiedDateTime","type":"DateTimeOffset"}},{"source":{"name":"Name","type":"String"},"sink":{"name":"Name","type":"String"}},{"source":{"name":"ParentID","type":"String"},"sink":{"name":"ParentID","type":"String"}},{"source":{"name":"SiteId","type":"String"},"sink":{"name":"SiteId","type":"String"}},{"source":{"name":"SiteUrl","type":"String"},"sink":{"name":"SiteUrl","type":"String"}},{"source":{"name":"WebId","type":"String"},"sink":{"name":"WebId","type":"String"}},{"source":{"name":"WebUrl","type":"String"},"sink":{"name":"WebUrl","type":"String"}}],"typeConversion":true,"typeConversionSettings":{"allowDataTruncation":true,"treatBooleanAsNumber":false}}},"inputs":[{"referenceName":"MAHS_SPOCPI_DocumentTracking","type":"DatasetReference","parameters":{}}],"outputs":[{"referenceName":"AzureShell_SPOCPI_DocumentTracking","type":"DatasetReference","parameters":{}}]},{"name":"DocPipe - DocumentTracking","description":"Migrate SDU Document Tracking from MAHS to Azure@Shell.","type":"Copy","dependsOn":[{"activity":"SPOCPI - Document Tracking","dependencyConditions":["Succeeded"]}],"policy":{"timeout":"7.00:00:00","retry":0,"retryIntervalInSeconds":30,"secureOutput":false,"secureInput":false},"userProperties":[],"typeProperties":{"source":{"type":"AzureTableSource","azureTableSourceQuery":{"value":"@concat('PartitionKey eq ''', pipeline().parameters.Base64DriveId, '''')","type":"Expression"},"azureTableSourceIgnoreTableNotFound":false},"sink":{"type":"AzureTableSink","azureTableInsertType":"merge","azureTablePartitionKeyName":"PartitionKey","azureTableRowKeyName":"RowKey","writeBatchSize":10000},"enableStaging":false,"logSettings":{"enableCopyActivityLog":true,"copyActivityLogSettings":{"logLevel":"Warning","enableReliableLogging":false},"logLocationSettings":{"linkedServiceName":{"referenceName":"[parameters('AzureShell_Logging')]","type":"LinkedServiceReference"},"path":"migration"}},"translator":{"type":"TabularTranslator","mappings":[{"source":{"name":"PartitionKey","type":"String"},"sink":{"name":"PartitionKey","type":"String"}},{"source":{"name":"RowKey","type":"String"},"sink":{"name":"RowKey","type":"String"}},{"source":{"name":"Timestamp","type":"DateTimeOffset"},"sink":{"name":"Timestamp","type":"DateTimeOffset"}},{"source":{"name":"FirstSeen","type":"DateTimeOffset"},"sink":{"name":"FirstSeen","type":"DateTimeOffset"}},{"source":{"name":"IsDeleted","type":"Boolean"},"sink":{"name":"IsDeleted","type":"Boolean"}},{"source":{"name":"LastProcessTriggerTime","type":"DateTimeOffset"},"sink":{"name":"LastProcessTriggerTime","type":"DateTimeOffset"}},{"source":{"name":"PipelineData","type":"String"},"sink":{"name":"PipelineData","type":"String"}}],"typeConversion":true,"typeConversionSettings":{"allowDataTruncation":true,"treatBooleanAsNumber":false}}},"inputs":[{"referenceName":"MAHS_DocPipe_DocumentTracking","type":"DatasetReference","parameters":{}}],"outputs":[{"referenceName":"AzureShell_DocPipe_DocumentTracking","type":"DatasetReference","parameters":{}}]},{"name":"DocPipe - ManifestTracking","description":"Migrate SDU Manifest Tracking from MAHS to Azure@Shell.","type":"Copy","dependsOn":[{"activity":"DocPipe - DocumentTracking","dependencyConditions":["Succeeded"]}],"policy":{"timeout":"7.00:00:00","retry":0,"retryIntervalInSeconds":30,"secureOutput":false,"secureInput":false},"userProperties":[],"typeProperties":{"source":{"type":"AzureTableSource","azureTableSourceQuery":{"value":"@concat('PartitionKey eq ''', pipeline().parameters.Base64DriveId, '''')","type":"Expression"},"azureTableSourceIgnoreTableNotFound":false},"sink":{"type":"AzureTableSink","azureTableInsertType":"merge","azureTablePartitionKeyName":"PartitionKey","azureTableRowKeyName":"RowKey","writeBatchSize":10000},"enableStaging":false,"logSettings":{"enableCopyActivityLog":true,"copyActivityLogSettings":{"logLevel":"Warning","enableReliableLogging":false},"logLocationSettings":{"linkedServiceName":{"referenceName":"[parameters('AzureShell_Logging')]","type":"LinkedServiceReference"},"path":"migration"}},"translator":{"type":"TabularTranslator","mappings":[{"source":{"name":"PartitionKey","type":"String"},"sink":{"name":"PartitionKey","type":"String"}},{"source":{"name":"RowKey","type":"String"},"sink":{"name":"RowKey","type":"String"}},{"source":{"name":"Timestamp","type":"DateTimeOffset"},"sink":{"name":"Timestamp","type":"DateTimeOffset"}},{"source":{"name":"FirstSeen","type":"DateTimeOffset"},"sink":{"name":"FirstSeen","type":"DateTimeOffset"}},{"source":{"name":"IsDeleted","type":"Boolean"},"sink":{"name":"IsDeleted","type":"Boolean"}},{"source":{"name":"LastProcessTriggerTime","type":"DateTimeOffset"},"sink":{"name":"LastProcessTriggerTime","type":"DateTimeOffset"}},{"source":{"name":"PipelineData","type":"String"},"sink":{"name":"PipelineData","type":"String"}}],"typeConversion":true,"typeConversionSettings":{"allowDataTruncation":true,"treatBooleanAsNumber":false}}},"inputs":[{"referenceName":"MAHS_DocPipe_ManifestTracking","type":"DatasetReference","parameters":{}}],"outputs":[{"referenceName":"AzureShell_DocPipe_ManifestTracking","type":"DatasetReference","parameters":{}}]},{"name":"DocPipe - DataStorage","description":"Migrate Blob files from MAHS to Azure@Shell.","type":"Copy","dependsOn":[{"activity":"DocPipe - UploadImagesTracking","dependencyConditions":["Succeeded"]}],"policy":{"timeout":"7.00:00:00","retry":0,"retryIntervalInSeconds":30,"secureOutput":false,"secureInput":false},"userProperties":[],"typeProperties":{"source":{"type":"BinarySource","storeSettings":{"type":"AzureBlobFSReadSettings","recursive":true},"formatSettings":{"type":"BinaryReadSettings"}},"sink":{"type":"BinarySink","storeSettings":{"type":"AzureBlobFSWriteSettings","copyBehavior":"PreserveHierarchy"}},"enableStaging":false,"parallelCopies":1,"preserve":["Attributes"],"skipErrorFile":{"fileForbidden":true},"validateDataConsistency":false,"logSettings":{"enableCopyActivityLog":true,"copyActivityLogSettings":{"logLevel":"Warning","enableReliableLogging":false},"logLocationSettings":{"linkedServiceName":{"referenceName":"[parameters('AzureShell_Logging')]","type":"LinkedServiceReference"},"path":"migration"}}},"inputs":[{"referenceName":"MAHS_DocPipe_BlobStorage","type":"DatasetReference","parameters":{"Base64DriveId":{"value":"@pipeline().parameters.Base64DriveId","type":"Expression"}}}],"outputs":[{"referenceName":"AzureShell_DocPipe_BlobStorage","type":"DatasetReference","parameters":{"Base64DriveId":{"value":"@pipeline().parameters.Base64DriveId","type":"Expression"}}}]},{"name":"Switch SPO Subscription","description":"Azure function to switch SPO subscription from MAHS to Azure@Shell.","type":"AzureFunctionActivity","dependsOn":[{"activity":"DocPipe - DataStorage","dependencyConditions":["Succeeded"]}],"policy":{"timeout":"7.00:00:00","retry":0,"retryIntervalInSeconds":30,"secureOutput":false,"secureInput":false},"userProperties":[],"typeProperties":{"functionName":"MigrateSubscription","method":"POST","headers":{},"body":{"value":"@concat('{\"SubscriptionPartitionKey\":\"', string(pipeline().parameters.SubscriptionPartitionKey), '\",\"SubscriptionRowKey\":\"', string(pipeline().parameters.SubscriptionRowKey), '\",\"SPOSubscriptionId\":\"', string(pipeline().parameters.SPOSubscriptionId), '\"}')","type":"Expression"}},"linkedServiceName":{"referenceName":"[parameters('MigrateFunction')]","type":"LinkedServiceReference"}},{"name":"DocPipe - PLConfiguration","description":"Migrate SDU PL Configuration table from MAHS to Azure@Shell.","type":"Copy","dependsOn":[{"activity":"DocPipe - ManifestTracking","dependencyConditions":["Succeeded"]}],"policy":{"timeout":"7.00:00:00","retry":0,"retryIntervalInSeconds":30,"secureOutput":false,"secureInput":false},"userProperties":[],"typeProperties":{"source":{"type":"AzureTableSource","azureTableSourceQuery":{"value":"@concat('RowKey eq ''', pipeline().parameters.Base64DriveId, '''')","type":"Expression"},"azureTableSourceIgnoreTableNotFound":false},"sink":{"type":"AzureTableSink","azureTableInsertType":"merge","azureTablePartitionKeyName":"PartitionKey","azureTableRowKeyName":"RowKey","writeBatchSize":10000},"enableStaging":false,"logSettings":{"enableCopyActivityLog":true,"copyActivityLogSettings":{"logLevel":"Warning","enableReliableLogging":false},"logLocationSettings":{"linkedServiceName":{"referenceName":"[parameters('AzureShell_Logging')]","type":"LinkedServiceReference"},"path":"migration"}},"translator":{"type":"TabularTranslator","mappings":[{"source":{"name":"PartitionKey","type":"String"},"sink":{"name":"PartitionKey","type":"String"}},{"source":{"name":"RowKey","type":"String"},"sink":{"name":"RowKey","type":"String"}},{"source":{"name":"Timestamp","type":"DateTimeOffset"},"sink":{"name":"Timestamp","type":"DateTimeOffset"}},{"source":{"name":"ContentTypeId","type":"String"},"sink":{"name":"ContentTypeId","type":"String"}},{"source":{"name":"DocumentLibraryId","type":"String"},"sink":{"name":"DocumentLibraryId","type":"String"}},{"source":{"name":"DocumentLibraryName","type":"String"},"sink":{"name":"DocumentLibraryName","type":"String"}},{"source":{"name":"Error","type":"String"},"sink":{"name":"Error","type":"String"}},{"source":{"name":"FolderRelativeUrl","type":"String"},"sink":{"name":"FolderRelativeUrl","type":"String"}},{"source":{"name":"FolderRelativeUrlForRootFolder","type":"String"},"sink":{"name":"FolderRelativeUrlForRootFolder","type":"String"}},{"source":{"name":"GraphSiteId","type":"String"},"sink":{"name":"GraphSiteId","type":"String"}},{"source":{"name":"PictureLibraryId","type":"String"},"sink":{"name":"PictureLibraryId","type":"String"}},{"source":{"name":"PictureLibraryName","type":"String"},"sink":{"name":"PictureLibraryName","type":"String"}},{"source":{"name":"PictureLibraryRelativeUrl","type":"String"},"sink":{"name":"PictureLibraryRelativeUrl","type":"String"}},{"source":{"name":"RetryCount","type":"Int32"},"sink":{"name":"RetryCount","type":"Int32"}},{"source":{"name":"SiteDomain","type":"String"},"sink":{"name":"SiteDomain","type":"String"}},{"source":{"name":"SiteId","type":"String"},"sink":{"name":"SiteId","type":"String"}},{"source":{"name":"SiteUrl","type":"String"},"sink":{"name":"SiteUrl","type":"String"}},{"source":{"name":"Status","type":"String"},"sink":{"name":"Status","type":"String"}},{"source":{"name":"WebId","type":"String"},"sink":{"name":"WebId","type":"String"}}],"typeConversion":true,"typeConversionSettings":{"allowDataTruncation":true,"treatBooleanAsNumber":false}}},"inputs":[{"referenceName":"MAHS_DocPipe_PLConfiguration","type":"DatasetReference","parameters":{}}],"outputs":[{"referenceName":"AzureShell_DocPipe_PLConfigurations","type":"DatasetReference","parameters":{}}]},{"name":"DocPipe - UploadImagesSPTracker","description":"Migrate SDU Archive table from MAHS to Azure@Shell.","type":"Copy","dependsOn":[{"activity":"DocPipe - PLConfiguration","dependencyConditions":["Succeeded"]}],"policy":{"timeout":"7.00:00:00","retry":0,"retryIntervalInSeconds":30,"secureOutput":false,"secureInput":false},"userProperties":[],"typeProperties":{"source":{"type":"AzureTableSource","azureTableSourceQuery":{"value":"@concat('PartitionKey eq ''', pipeline().parameters.Base64DriveId, '''')","type":"Expression"},"azureTableSourceIgnoreTableNotFound":false},"sink":{"type":"AzureTableSink","azureTableInsertType":"merge","azureTablePartitionKeyName":"PartitionKey","azureTableRowKeyName":"RowKey","writeBatchSize":10000},"enableStaging":false,"logSettings":{"enableCopyActivityLog":true,"copyActivityLogSettings":{"logLevel":"Warning","enableReliableLogging":false},"logLocationSettings":{"linkedServiceName":{"referenceName":"[parameters('AzureShell_Logging')]","type":"LinkedServiceReference"},"path":"migration"}},"translator":{"type":"TabularTranslator","mappings":[{"source":{"name":"PartitionKey","type":"String"},"sink":{"name":"PartitionKey","type":"String"}},{"source":{"name":"RowKey","type":"String"},"sink":{"name":"RowKey","type":"String"}},{"source":{"name":"Timestamp","type":"DateTimeOffset"},"sink":{"name":"Timestamp","type":"DateTimeOffset"}},{"source":{"name":"Error","type":"String"},"sink":{"name":"Error","type":"String"}},{"source":{"name":"ImagesUploadCount","type":"Int32"},"sink":{"name":"ImagesUploadCount","type":"Int32"}},{"source":{"name":"RetryCount","type":"Int32"},"sink":{"name":"RetryCount","type":"Int32"}},{"source":{"name":"Status","type":"String"},"sink":{"name":"Status","type":"String"}}],"typeConversion":true,"typeConversionSettings":{"allowDataTruncation":true,"treatBooleanAsNumber":false}}},"inputs":[{"referenceName":"MAHS_DocPipe_UploadImagesSPTracker","type":"DatasetReference","parameters":{}}],"outputs":[{"referenceName":"AzureShell_DocPipe_UploadImagesSPTracker","type":"DatasetReference","parameters":{}}]},{"name":"DocPipe - UploadImagesTracking","description":"Migrate SDU Upload Images Tracking table from MAHS to Azure@Shell.","type":"Copy","dependsOn":[{"activity":"DocPipe - UploadImagesSPTracker","dependencyConditions":["Succeeded"]}],"policy":{"timeout":"7.00:00:00","retry":0,"retryIntervalInSeconds":30,"secureOutput":false,"secureInput":false},"userProperties":[],"typeProperties":{"source":{"type":"AzureTableSource","azureTableSourceQuery":{"value":"@concat('PartitionKey eq ''', pipeline().parameters.Base64DriveId, '''')","type":"Expression"},"azureTableSourceIgnoreTableNotFound":false},"sink":{"type":"AzureTableSink","azureTableInsertType":"merge","azureTablePartitionKeyName":"PartitionKey","azureTableRowKeyName":"RowKey","writeBatchSize":10000},"enableStaging":false,"logSettings":{"enableCopyActivityLog":true,"copyActivityLogSettings":{"logLevel":"Warning","enableReliableLogging":false},"logLocationSettings":{"linkedServiceName":{"referenceName":"[parameters('AzureShell_Logging')]","type":"LinkedServiceReference"},"path":"migration"}},"translator":{"type":"TabularTranslator","mappings":[{"source":{"name":"PartitionKey","type":"String"},"sink":{"name":"PartitionKey","type":"String"}},{"source":{"name":"RowKey","type":"String"},"sink":{"name":"RowKey","type":"String"}},{"source":{"name":"Timestamp","type":"DateTimeOffset"},"sink":{"name":"Timestamp","type":"DateTimeOffset"}},{"source":{"name":"CaptionText","type":"String"},"sink":{"name":"CaptionText","type":"String"}},{"source":{"name":"ContentTypeId","type":"String"},"sink":{"name":"ContentTypeId","type":"String"}},{"source":{"name":"DocumentName","type":"String"},"sink":{"name":"DocumentName","type":"String"}},{"source":{"name":"DriveId","type":"String"},"sink":{"name":"DriveId","type":"String"}},{"source":{"name":"DriveItemId","type":"String"},"sink":{"name":"DriveItemId","type":"String"}},{"source":{"name":"FolderImage","type":"Boolean"},"sink":{"name":"FolderImage","type":"Boolean"}},{"source":{"name":"FolderRelativeUrl","type":"String"},"sink":{"name":"FolderRelativeUrl","type":"String"}},{"source":{"name":"FolderRelativeUrlForRootFolder","type":"String"},"sink":{"name":"FolderRelativeUrlForRootFolder","type":"String"}},{"source":{"name":"ImageName","type":"String"},"sink":{"name":"ImageName","type":"String"}},{"source":{"name":"ImagePath","type":"String"},"sink":{"name":"ImagePath","type":"String"}},{"source":{"name":"LibraryId","type":"String"},"sink":{"name":"LibraryId","type":"String"}},{"source":{"name":"LibraryName","type":"String"},"sink":{"name":"LibraryName","type":"String"}},{"source":{"name":"Number","type":"String"},"sink":{"name":"Number","type":"String"}},{"source":{"name":"OCRText","type":"String"},"sink":{"name":"OCRText","type":"String"}},{"source":{"name":"ParentFileName","type":"String"},"sink":{"name":"ParentFileName","type":"String"}},{"source":{"name":"PictureLibraryRelativeUrl","type":"String"},"sink":{"name":"PictureLibraryRelativeUrl","type":"String"}},{"source":{"name":"SiteDomain","type":"String"},"sink":{"name":"SiteDomain","type":"String"}},{"source":{"name":"SiteId","type":"String"},"sink":{"name":"SiteId","type":"String"}},{"source":{"name":"SiteUrl","type":"String"},"sink":{"name":"SiteUrl","type":"String"}},{"source":{"name":"SlideText","type":"String"},"sink":{"name":"SlideText","type":"String"}},{"source":{"name":"Status","type":"String"},"sink":{"name":"Status","type":"String"}},{"source":{"name":"WebId","type":"String"},"sink":{"name":"WebId","type":"String"}},{"source":{"name":"WebUrl","type":"String"},"sink":{"name":"WebUrl","type":"String"}}],"typeConversion":true,"typeConversionSettings":{"allowDataTruncation":true,"treatBooleanAsNumber":false}}},"inputs":[{"referenceName":"MAHS_DocPipe_UploadImagesTracking","type":"DatasetReference","parameters":{}}],"outputs":[{"referenceName":"AzureShell_DocPipe_UploadImagesTracking","type":"DatasetReference","parameters":{}}]}],"parameters":{"Base64DriveId":{"type":"string","defaultValue":"YiE2ZzdRdWZTOEVrR1ZkS2RDd29LMThjR1ZaUUJ6QldOSHNKMG9Wc29mdXJubWtkTjdUaE4yVDZKZkFzamg4Y0lm"},"SubscriptionRowKey":{"type":"string","defaultValue":"c09991d8-59c8-42a2-993b-226101944784"},"SubscriptionPartitionKey":{"type":"string","defaultValue":"Subscription-2021"},"SPOSubscriptionId":{"type":"string","defaultValue":"af81a1d4-7a8b-422d-8b7f-dac7dc6e4fbf"}},"folder":{"name":"Migration"},"annotations":[],"lastPublishTime":"2021-02-23T12:35:57Z"},"dependsOn":["[concat(variables('factoryId'), '/datasets/MAHS_SPOCPI_DriveDelta')]","[concat(variables('factoryId'), '/datasets/AzureShell_SPOCPI_DriveDelta')]","[concat(variables('factoryId'), '/datasets/MAHS_SPOCPI_DocumentTracking')]","[concat(variables('factoryId'), '/datasets/AzureShell_SPOCPI_DocumentTracking')]","[concat(variables('factoryId'), '/datasets/MAHS_DocPipe_DocumentTracking')]","[concat(variables('factoryId'), '/datasets/AzureShell_DocPipe_DocumentTracking')]","[concat(variables('factoryId'), '/datasets/MAHS_DocPipe_ManifestTracking')]","[concat(variables('factoryId'), '/datasets/AzureShell_DocPipe_ManifestTracking')]","[concat(variables('factoryId'), '/datasets/MAHS_DocPipe_BlobStorage')]","[concat(variables('factoryId'), '/datasets/AzureShell_DocPipe_BlobStorage')]","[concat(variables('factoryId'), '/datasets/MAHS_DocPipe_PLConfiguration')]","[concat(variables('factoryId'), '/datasets/AzureShell_DocPipe_PLConfigurations')]","[concat(variables('factoryId'), '/datasets/MAHS_DocPipe_UploadImagesSPTracker')]","[concat(variables('factoryId'), '/datasets/AzureShell_DocPipe_UploadImagesSPTracker')]","[concat(variables('factoryId'), '/datasets/MAHS_DocPipe_UploadImagesTracking')]","[concat(variables('factoryId'), '/datasets/AzureShell_DocPipe_UploadImagesTracking')]"]},{"name":"[concat(parameters('factoryName'), '/MAHS_SPOCPI_DriveDelta')]","type":"Microsoft.DataFactory/factories/datasets","apiVersion":"2018-06-01","properties":{"linkedServiceName":{"referenceName":"[parameters('MAHS_SPOCPI_DocTrack')]","type":"LinkedServiceReference"},"annotations":[],"type":"AzureTable","schema":[],"typeProperties":{"tableName":"DrivesDelta"}},"dependsOn":[]},{"name":"[concat(parameters('factoryName'), '/AzureShell_SPOCPI_DriveDelta')]","type":"Microsoft.DataFactory/factories/datasets","apiVersion":"2018-06-01","properties":{"linkedServiceName":{"referenceName":"[parameters('AzureShell_SPOCPI_DocTrack')]","type":"LinkedServiceReference"},"annotations":[],"type":"AzureTable","schema":[],"typeProperties":{"tableName":"DrivesDelta"}},"dependsOn":[]},{"name":"[concat(parameters('factoryName'), '/MAHS_SPOCPI_DocumentTracking')]","type":"Microsoft.DataFactory/factories/datasets","apiVersion":"2018-06-01","properties":{"linkedServiceName":{"referenceName":"[parameters('MAHS_SPOCPI_DocTrack')]","type":"LinkedServiceReference"},"annotations":[],"type":"AzureTable","schema":[],"typeProperties":{"tableName":"DocumentTracking"}},"dependsOn":[]},{"name":"[concat(parameters('factoryName'), '/AzureShell_SPOCPI_DocumentTracking')]","type":"Microsoft.DataFactory/factories/datasets","apiVersion":"2018-06-01","properties":{"linkedServiceName":{"referenceName":"[parameters('AzureShell_SPOCPI_DocTrack')]","type":"LinkedServiceReference"},"annotations":[],"type":"AzureTable","schema":[],"typeProperties":{"tableName":"DocumentTracking"}},"dependsOn":[]},{"name":"[concat(parameters('factoryName'), '/MAHS_DocPipe_DocumentTracking')]","type":"Microsoft.DataFactory/factories/datasets","apiVersion":"2018-06-01","properties":{"linkedServiceName":{"referenceName":"[parameters('MAHS_DocPipe_DataStorage')]","type":"LinkedServiceReference"},"annotations":[],"type":"AzureTable","schema":[],"typeProperties":{"tableName":"DocumentTracking"}},"dependsOn":[]},{"name":"[concat(parameters('factoryName'), '/AzureShell_DocPipe_DocumentTracking')]","type":"Microsoft.DataFactory/factories/datasets","apiVersion":"2018-06-01","properties":{"linkedServiceName":{"referenceName":"[parameters('AzureShell_DocPipe_DataStorage')]","type":"LinkedServiceReference"},"annotations":[],"type":"AzureTable","schema":[],"typeProperties":{"tableName":"DocumentTracking"}},"dependsOn":[]},{"name":"[concat(parameters('factoryName'), '/MAHS_DocPipe_ManifestTracking')]","type":"Microsoft.DataFactory/factories/datasets","apiVersion":"2018-06-01","properties":{"linkedServiceName":{"referenceName":"[parameters('MAHS_DocPipe_DataStorage')]","type":"LinkedServiceReference"},"annotations":[],"type":"AzureTable","schema":[],"typeProperties":{"tableName":"ManifestTracking"}},"dependsOn":[]},{"name":"[concat(parameters('factoryName'), '/AzureShell_DocPipe_ManifestTracking')]","type":"Microsoft.DataFactory/factories/datasets","apiVersion":"2018-06-01","properties":{"linkedServiceName":{"referenceName":"[parameters('AzureShell_DocPipe_DataStorage')]","type":"LinkedServiceReference"},"annotations":[],"type":"AzureTable","schema":[],"typeProperties":{"tableName":"ManifestTracking"}},"dependsOn":[]},{"name":"[concat(parameters('factoryName'), '/MAHS_DocPipe_BlobStorage')]","type":"Microsoft.DataFactory/factories/datasets","apiVersion":"2018-06-01","properties":{"linkedServiceName":{"referenceName":"[parameters('MAHS_DocPipe_BlobStorage_Gen2')]","type":"LinkedServiceReference"},"parameters":{"Base64DriveId":{"type":"string"}},"annotations":[],"type":"Binary","typeProperties":{"location":{"type":"AzureBlobFSLocation","folderPath":{"value":"@dataset().Base64DriveId","type":"Expression"},"fileSystem":"data"}}},"dependsOn":[]},{"name":"[concat(parameters('factoryName'), '/AzureShell_DocPipe_BlobStorage')]","type":"Microsoft.DataFactory/factories/datasets","apiVersion":"2018-06-01","properties":{"linkedServiceName":{"referenceName":"[parameters('AzureShell_DocPipe_BlobStorage_Gen2')]","type":"LinkedServiceReference"},"parameters":{"Base64DriveId":{"type":"string"}},"annotations":[],"type":"Binary","typeProperties":{"location":{"type":"AzureBlobFSLocation","folderPath":{"value":"@dataset().Base64DriveId","type":"Expression"},"fileSystem":"data"}}},"dependsOn":[]},{"name":"[concat(parameters('factoryName'), '/MAHS_DocPipe_PLConfiguration')]","type":"Microsoft.DataFactory/factories/datasets","apiVersion":"2018-06-01","properties":{"description":"Data Set for MAHS Document Pipeline PL Configuration table.","linkedServiceName":{"referenceName":"[parameters('MAHS_DocPipe_DataStorage')]","type":"LinkedServiceReference"},"annotations":[],"type":"AzureTable","schema":[],"typeProperties":{"tableName":"PLConfigurations"}},"dependsOn":[]},{"name":"[concat(parameters('factoryName'), '/AzureShell_DocPipe_PLConfigurations')]","type":"Microsoft.DataFactory/factories/datasets","apiVersion":"2018-06-01","properties":{"description":"DataSet for Azure@Shell Documen Pipeline PL Configurations table.","linkedServiceName":{"referenceName":"[parameters('AzureShell_DocPipe_DataStorage')]","type":"LinkedServiceReference"},"annotations":[],"type":"AzureTable","schema":[],"typeProperties":{"tableName":"PLConfigurations"}},"dependsOn":[]},{"name":"[concat(parameters('factoryName'), '/MAHS_DocPipe_UploadImagesSPTracker')]","type":"Microsoft.DataFactory/factories/datasets","apiVersion":"2018-06-01","properties":{"description":"DataSet for MAHS Document Pipeline Upload Images SP Tracker table.","linkedServiceName":{"referenceName":"[parameters('MAHS_DocPipe_DataStorage')]","type":"LinkedServiceReference"},"annotations":[],"type":"AzureTable","schema":[],"typeProperties":{"tableName":"UploadImagesSPTracker"}},"dependsOn":[]},{"name":"[concat(parameters('factoryName'), '/AzureShell_DocPipe_UploadImagesSPTracker')]","type":"Microsoft.DataFactory/factories/datasets","apiVersion":"2018-06-01","properties":{"description":"DataSet for Azure@Shell Document Pipeline Upload Images SP Tracker table.","linkedServiceName":{"referenceName":"[parameters('MAHS_DocPipe_DataStorage')]","type":"LinkedServiceReference"},"annotations":[],"type":"AzureTable","schema":[],"typeProperties":{"tableName":"UploadImagesSPTracker"}},"dependsOn":[]},{"name":"[concat(parameters('factoryName'), '/MAHS_DocPipe_UploadImagesTracking')]","type":"Microsoft.DataFactory/factories/datasets","apiVersion":"2018-06-01","properties":{"description":"DataSet for MAHS DocPipe Upload Images Tracking table.","linkedServiceName":{"referenceName":"[parameters('MAHS_DocPipe_DataStorage')]","type":"LinkedServiceReference"},"annotations":[],"type":"AzureTable","schema":[],"typeProperties":{"tableName":"UploadImagesTracking"}},"dependsOn":[]},{"name":"[concat(parameters('factoryName'), '/AzureShell_DocPipe_UploadImagesTracking')]","type":"Microsoft.DataFactory/factories/datasets","apiVersion":"2018-06-01","properties":{"description":"DataSet for Azure@Shell Document Pipeline Upload Images Tracking table.","linkedServiceName":{"referenceName":"[parameters('AzureShell_DocPipe_DataStorage')]","type":"LinkedServiceReference"},"annotations":[],"type":"AzureTable","schema":[],"typeProperties":{"tableName":"UploadImagesTracking"}},"dependsOn":[]}]}